{
  "best_model": "LogisticRegression",
  "metrics": [
    {
      "model": "LogisticRegression",
      "accuracy": 0.6688888888888889,
      "balanced_accuracy": 0.5422310247891643,
      "precision": 0.8267477203647416,
      "recall": 0.7472527472527473,
      "f1": 0.784992784992785,
      "mcc": 0.07489811698556678,
      "specificity": 0.3372093023255814,
      "roc_auc": 0.5322642473805264,
      "brier_score": 0.24556491080118253,
      "confusion_matrix": [
        [
          29,
          57
        ],
        [
          92,
          272
        ]
      ],
      "train_accuracy": 0.6820455808782657,
      "test_accuracy": 0.6688888888888889,
      "train_f1": 0.787518573551263,
      "test_f1": 0.784992784992785,
      "train_balanced_accuracy": 0.6060920399890202,
      "test_balanced_accuracy": 0.5422310247891643,
      "selection_score": 0.5586132932758053,
      "accuracy_gap": 0.013156691989376856,
      "f1_gap": 0.0025257885584779594,
      "cv_accuracy_mean": 0.526406047115563,
      "cv_accuracy_std": 0.003767799922562882,
      "cv_balanced_accuracy_mean": 0.48991973830755237,
      "cv_balanced_accuracy_std": 0.01723058650481403,
      "cv_f1_mean": 0.6519595915419226,
      "cv_roc_auc_mean": 0.4853163226259411,
      "decision_threshold": 0.4599999999999999,
      "overfitting_flag": false,
      "degenerate_prediction_flag": false,
      "holdout_accuracy": 0.656,
      "holdout_balanced_accuracy": 0.5409447194719472,
      "holdout_precision": 0.8258426966292135,
      "holdout_recall": 0.7277227722772277,
      "holdout_f1": 0.7736842105263158,
      "holdout_mcc": 0.07122754071490242,
      "holdout_specificity": 0.3541666666666667,
      "holdout_confusion_matrix": "[[17, 31], [55, 147]]",
      "holdout_roc_auc": 0.5353754125412542,
      "holdout_brier_score": 0.24763758493269766,
      "holdout_threshold": 0.4599999999999999
    },
    {
      "model": "GradientBoostingClassifier",
      "accuracy": 0.6422222222222222,
      "balanced_accuracy": 0.5213071811909021,
      "precision": 0.8181818181818182,
      "recall": 0.717032967032967,
      "f1": 0.7642752562225475,
      "mcc": 0.03688288825342505,
      "specificity": 0.32558139534883723,
      "roc_auc": 0.5172501916687963,
      "brier_score": 0.2233719799604022,
      "confusion_matrix": [
        [
          28,
          58
        ],
        [
          103,
          261
        ]
      ],
      "train_accuracy": 0.8226792662590328,
      "test_accuracy": 0.6422222222222222,
      "train_f1": 0.8807476635514019,
      "test_f1": 0.7642752562225475,
      "train_balanced_accuracy": 0.8417843886875469,
      "test_balanced_accuracy": 0.5213071811909021,
      "selection_score": 0.5372996772519251,
      "accuracy_gap": 0.1804570440368105,
      "f1_gap": 0.11647240732885433,
      "cv_accuracy_mean": 0.7948877759228344,
      "cv_accuracy_std": 0.008455722925615297,
      "cv_balanced_accuracy_mean": 0.5052774903338141,
      "cv_balanced_accuracy_std": 0.008777429300840654,
      "cv_f1_mean": 0.8848470465582391,
      "cv_roc_auc_mean": 0.48628497170431567,
      "decision_threshold": 0.49999999999999983,
      "overfitting_flag": true,
      "degenerate_prediction_flag": false,
      "holdout_accuracy": null,
      "holdout_balanced_accuracy": null,
      "holdout_precision": null,
      "holdout_recall": null,
      "holdout_f1": null,
      "holdout_mcc": null,
      "holdout_specificity": null,
      "holdout_confusion_matrix": null,
      "holdout_roc_auc": null,
      "holdout_brier_score": null,
      "holdout_threshold": null
    },
    {
      "model": "StackingClassifier",
      "accuracy": 0.64,
      "balanced_accuracy": 0.48441093789931,
      "precision": 0.8023952095808383,
      "recall": 0.7362637362637363,
      "f1": 0.7679083094555874,
      "mcc": -0.028025132346983537,
      "specificity": 0.23255813953488372,
      "roc_auc": 0.47722335803731153,
      "brier_score": 0.24097808121832143,
      "confusion_matrix": [
        [
          20,
          66
        ],
        [
          96,
          268
        ]
      ],
      "train_accuracy": 0.47804335742078935,
      "test_accuracy": 0.64,
      "train_f1": 0.6468597216998871,
      "test_f1": 0.7679083094555874,
      "train_balanced_accuracy": 0.2959394356503785,
      "test_balanced_accuracy": 0.48441093789931,
      "selection_score": 0.496196494468774,
      "accuracy_gap": -0.16195664257921066,
      "f1_gap": -0.12104858775570027,
      "cv_accuracy_mean": 0.6075765164162493,
      "cv_accuracy_std": 0.02141890195984698,
      "cv_balanced_accuracy_mean": 0.526898093510968,
      "cv_balanced_accuracy_std": 0.007632456243004681,
      "cv_f1_mean": 0.7297186734933864,
      "cv_roc_auc_mean": 0.5420222521652184,
      "decision_threshold": 0.49999999999999983,
      "overfitting_flag": false,
      "degenerate_prediction_flag": false,
      "holdout_accuracy": null,
      "holdout_balanced_accuracy": null,
      "holdout_precision": null,
      "holdout_recall": null,
      "holdout_f1": null,
      "holdout_mcc": null,
      "holdout_specificity": null,
      "holdout_confusion_matrix": null,
      "holdout_roc_auc": null,
      "holdout_brier_score": null,
      "holdout_threshold": null
    },
    {
      "model": "RandomForestClassifier",
      "accuracy": 0.6644444444444444,
      "balanced_accuracy": 0.48175951955021723,
      "precision": 0.8016997167138811,
      "recall": 0.7774725274725275,
      "f1": 0.7894002789400278,
      "mcc": -0.034881324435970064,
      "specificity": 0.18604651162790697,
      "roc_auc": 0.5440199335548173,
      "brier_score": 0.18116884407742095,
      "confusion_matrix": [
        [
          16,
          70
        ],
        [
          81,
          283
        ]
      ],
      "train_accuracy": 0.9733185102834908,
      "test_accuracy": 0.6644444444444444,
      "train_f1": 0.9832050384884534,
      "test_f1": 0.7894002789400278,
      "train_balanced_accuracy": 0.9834824501032347,
      "test_balanced_accuracy": 0.48175951955021723,
      "selection_score": 0.49114182695479236,
      "accuracy_gap": 0.3088740658390464,
      "f1_gap": 0.19380475954842558,
      "cv_accuracy_mean": 0.802112780560193,
      "cv_accuracy_std": 0.001499962354142963,
      "cv_balanced_accuracy_mean": 0.4998505145910473,
      "cv_balanced_accuracy_std": 0.0033197082310989895,
      "cv_f1_mean": 0.8899871733205066,
      "cv_roc_auc_mean": 0.45234420778449486,
      "decision_threshold": 0.5999999999999999,
      "overfitting_flag": true,
      "degenerate_prediction_flag": false,
      "holdout_accuracy": null,
      "holdout_balanced_accuracy": null,
      "holdout_precision": null,
      "holdout_recall": null,
      "holdout_f1": null,
      "holdout_mcc": null,
      "holdout_specificity": null,
      "holdout_confusion_matrix": null,
      "holdout_roc_auc": null,
      "holdout_brier_score": null,
      "holdout_threshold": null
    }
  ],
  "data_quality_report": {
    "rows_before": 3000,
    "dropped_rows": 501,
    "drop_reasons": {
      "severity_fatality_contradiction": 501
    },
    "rows_after": 2499,
    "target_distribution_after": {
      "0": 480,
      "1": 2019
    },
    "split_sizes": {
      "train": 1799,
      "test": 450,
      "holdout": 250
    }
  }
}