{
  "best_model": "LogisticRegression",
  "metrics": [
    {
      "accuracy": 0.655,
      "precision": 0.655,
      "recall": 1.0,
      "f1": 0.7915407854984894,
      "confusion_matrix": [
        [
          0,
          207
        ],
        [
          0,
          393
        ]
      ],
      "model": "LogisticRegression"
    },
    {
      "accuracy": 0.6516666666666666,
      "precision": 0.6597222222222222,
      "recall": 0.9669211195928753,
      "f1": 0.7843137254901961,
      "confusion_matrix": [
        [
          11,
          196
        ],
        [
          13,
          380
        ]
      ],
      "model": "GradientBoostingClassifier"
    },
    {
      "accuracy": 0.6483333333333333,
      "precision": 0.6642599277978339,
      "recall": 0.9363867684478372,
      "f1": 0.7771911298838438,
      "confusion_matrix": [
        [
          21,
          186
        ],
        [
          25,
          368
        ]
      ],
      "model": "RandomForestClassifier"
    }
  ]
}