model,accuracy,balanced_accuracy,precision,recall,f1,mcc,specificity,roc_auc,confusion_matrix,train_accuracy,test_accuracy,train_f1,test_f1,train_balanced_accuracy,test_balanced_accuracy,accuracy_gap,f1_gap,cv_accuracy_mean,cv_accuracy_std,cv_balanced_accuracy_mean,cv_balanced_accuracy_std,cv_f1_mean,cv_roc_auc_mean,decision_threshold,overfitting_flag,degenerate_prediction_flag
LogisticRegression,0.7566666666666667,0.5262896825396826,0.8482490272373541,0.8650793650793651,0.8565815324165029,0.05500921368887555,0.1875,0.562334656084656,"[[18, 78], [68, 436]]",0.7841666666666667,0.7566666666666667,0.873225648556045,0.8565815324165029,0.5700644841269841,0.5262896825396826,0.02749999999999997,0.016644116139542087,0.5433333333333333,0.011740835669671153,0.4858507967347417,0.028672585058989338,0.6772809499275123,0.4778133801598224,0.3799999999999999,False,False
RandomForestClassifier,0.4216666666666667,0.5124007936507937,0.8488888888888889,0.37896825396825395,0.52400548696845,0.018781205660633703,0.6458333333333334,0.5348048941798942,"[[62, 34], [313, 191]]",0.6354166666666666,0.4216666666666667,0.7228381374722838,0.52400548696845,0.7829861111111112,0.5124007936507937,0.21374999999999994,0.1988326505038338,0.81375,0.008498365855987984,0.49069937777934214,0.008290227434359622,0.8970097484454783,0.49561813104947144,0.5999999999999999,True,False
GradientBoostingClassifier,0.7166666666666667,0.5109126984126984,0.8436213991769548,0.8134920634920635,0.8282828282828283,0.02039588117607166,0.20833333333333334,0.5611359126984128,"[[20, 76], [94, 410]]",0.8604166666666667,0.7166666666666667,0.9165213057562921,0.8282828282828283,0.7503720238095237,0.5109126984126984,0.14375000000000004,0.0882384774734638,0.83625,0.003118047822311607,0.5051579331425184,0.0026537865017164704,0.9105357367042999,0.49287042321090635,0.7999999999999996,True,False
