accuracy,precision,recall,f1,confusion_matrix,model
0.655,0.655,1.0,0.7915407854984894,"[[0, 207], [0, 393]]",LogisticRegression
0.6516666666666666,0.6597222222222222,0.9669211195928753,0.7843137254901961,"[[11, 196], [13, 380]]",GradientBoostingClassifier
0.6483333333333333,0.6642599277978339,0.9363867684478372,0.7771911298838438,"[[21, 186], [25, 368]]",RandomForestClassifier
