{
  "previous_model": "LogisticRegression",
  "new_model": "LogisticRegression",
  "previous": {
    "model": "LogisticRegression",
    "accuracy": 0.6688888888888889,
    "balanced_accuracy": 0.5422310247891643,
    "precision": 0.8267477203647416,
    "recall": 0.7472527472527473,
    "f1": 0.784992784992785,
    "mcc": 0.07489811698556678,
    "specificity": 0.3372093023255814,
    "roc_auc": 0.5322642473805264,
    "brier_score": 0.24556491080118253,
    "confusion_matrix": [
      [
        29,
        57
      ],
      [
        92,
        272
      ]
    ],
    "train_accuracy": 0.6820455808782657,
    "test_accuracy": 0.6688888888888889,
    "train_f1": 0.787518573551263,
    "test_f1": 0.784992784992785,
    "train_balanced_accuracy": 0.6060920399890202,
    "test_balanced_accuracy": 0.5422310247891643,
    "selection_score": 0.5586132932758053,
    "accuracy_gap": 0.013156691989376856,
    "f1_gap": 0.0025257885584779594,
    "cv_accuracy_mean": 0.526406047115563,
    "cv_accuracy_std": 0.003767799922562882,
    "cv_balanced_accuracy_mean": 0.48991973830755237,
    "cv_balanced_accuracy_std": 0.01723058650481403,
    "cv_f1_mean": 0.6519595915419226,
    "cv_roc_auc_mean": 0.4853163226259411,
    "decision_threshold": 0.4599999999999999,
    "overfitting_flag": false,
    "degenerate_prediction_flag": false,
    "holdout_accuracy": 0.656,
    "holdout_balanced_accuracy": 0.5409447194719472,
    "holdout_precision": 0.8258426966292135,
    "holdout_recall": 0.7277227722772277,
    "holdout_f1": 0.7736842105263158,
    "holdout_mcc": 0.07122754071490242,
    "holdout_specificity": 0.3541666666666667,
    "holdout_confusion_matrix": "[[17, 31], [55, 147]]",
    "holdout_roc_auc": 0.5353754125412542,
    "holdout_brier_score": 0.24763758493269766,
    "holdout_threshold": 0.4599999999999999
  },
  "current": {
    "model": "LogisticRegression",
    "accuracy": 0.6688888888888889,
    "balanced_accuracy": 0.5422310247891643,
    "precision": 0.8267477203647416,
    "recall": 0.7472527472527473,
    "f1": 0.784992784992785,
    "mcc": 0.07489811698556678,
    "specificity": 0.3372093023255814,
    "roc_auc": 0.5322642473805264,
    "brier_score": 0.24556491080118253,
    "confusion_matrix": [
      [
        29,
        57
      ],
      [
        92,
        272
      ]
    ],
    "train_accuracy": 0.6820455808782657,
    "test_accuracy": 0.6688888888888889,
    "train_f1": 0.787518573551263,
    "test_f1": 0.784992784992785,
    "train_balanced_accuracy": 0.6060920399890202,
    "test_balanced_accuracy": 0.5422310247891643,
    "selection_score": 0.5586132932758053,
    "accuracy_gap": 0.013156691989376856,
    "f1_gap": 0.0025257885584779594,
    "cv_accuracy_mean": 0.526406047115563,
    "cv_accuracy_std": 0.003767799922562882,
    "cv_balanced_accuracy_mean": 0.48991973830755237,
    "cv_balanced_accuracy_std": 0.01723058650481403,
    "cv_f1_mean": 0.6519595915419226,
    "cv_roc_auc_mean": 0.4853163226259411,
    "decision_threshold": 0.4599999999999999,
    "overfitting_flag": false,
    "degenerate_prediction_flag": false,
    "holdout_accuracy": 0.656,
    "holdout_balanced_accuracy": 0.5409447194719472,
    "holdout_precision": 0.8258426966292135,
    "holdout_recall": 0.7277227722772277,
    "holdout_f1": 0.7736842105263158,
    "holdout_mcc": 0.07122754071490242,
    "holdout_specificity": 0.3541666666666667,
    "holdout_confusion_matrix": "[[17, 31], [55, 147]]",
    "holdout_roc_auc": 0.5353754125412542,
    "holdout_brier_score": 0.24763758493269766,
    "holdout_threshold": 0.4599999999999999
  },
  "delta": {
    "accuracy": 0.0,
    "balanced_accuracy": 0.0,
    "f1": 0.0,
    "mcc": 0.0,
    "specificity": 0.0,
    "roc_auc": 0.0
  }
}