{
  "previous_model": null,
  "new_model": "LogisticRegression",
  "previous": null,
  "current": {
    "model": "LogisticRegression",
    "accuracy": 0.7566666666666667,
    "balanced_accuracy": 0.5262896825396826,
    "precision": 0.8482490272373541,
    "recall": 0.8650793650793651,
    "f1": 0.8565815324165029,
    "mcc": 0.05500921368887555,
    "specificity": 0.1875,
    "roc_auc": 0.562334656084656,
    "confusion_matrix": [
      [
        18,
        78
      ],
      [
        68,
        436
      ]
    ],
    "train_accuracy": 0.7841666666666667,
    "test_accuracy": 0.7566666666666667,
    "train_f1": 0.873225648556045,
    "test_f1": 0.8565815324165029,
    "train_balanced_accuracy": 0.5700644841269841,
    "test_balanced_accuracy": 0.5262896825396826,
    "accuracy_gap": 0.02749999999999997,
    "f1_gap": 0.016644116139542087,
    "cv_accuracy_mean": 0.5433333333333333,
    "cv_accuracy_std": 0.011740835669671153,
    "cv_balanced_accuracy_mean": 0.4858507967347417,
    "cv_balanced_accuracy_std": 0.028672585058989338,
    "cv_f1_mean": 0.6772809499275123,
    "cv_roc_auc_mean": 0.4778133801598224,
    "decision_threshold": 0.3799999999999999,
    "overfitting_flag": false,
    "degenerate_prediction_flag": false
  },
  "delta": {
    "accuracy": null,
    "balanced_accuracy": null,
    "f1": null,
    "mcc": null,
    "specificity": null,
    "roc_auc": null
  }
}